timestamp,split,model,n,log_loss,brier,accuracy,market_log_loss,gap_to_market,elo_k,elo_home_adv,seed
2026-10-04T19:52:41,valid,league_frequencies,380,1.05404355376108,0.6370985543628811,0.4605263157894737,0.8995495263878559,0.15449402737322404,20.0,60.0,42
2026-10-04T19:52:41,valid,elo,380,0.9395400277924344,0.5547824185962262,0.5736842105263158,0.8995495263878559,0.03999050140457849,20.0,60.0,42
2026-10-04T19:52:41,valid,dixon_coles,380,0.9644408267735728,0.5735787063629496,0.5394736842105263,0.8995495263878559,0.06489130038571689,20.0,60.0,42
2026-10-04T19:52:41,valid,bookmaker_market,380,0.8995495263878559,,,,,20.0,60.0,42
2026-10-04T20:01:26,valid,league_frequencies,380,1.05404355376108,0.6370985543628811,0.4605263157894737,0.8995495263878559,0.15449402737322404,20.0,60.0,42
2026-10-04T20:01:26,valid,elo,380,0.9395400277924346,0.5547824185962261,0.5736842105263158,0.8995495263878559,0.039990501404578715,20.0,60.0,42
2026-10-04T20:01:26,valid,dixon_coles,380,0.9644409513944131,0.573578750962193,0.5394736842105263,0.8995495263878559,0.0648914250065572,20.0,60.0,42
2026-10-04T20:01:26,valid,bookmaker_market,380,0.8995495263878559,,,,,20.0,60.0,42
2026-10-04T20:02:41,valid,league_frequencies,380,1.05404355376108,0.6370985543628811,0.4605263157894737,0.8995495263878559,0.15449402737322404,20.0,60.0,42
2026-10-04T20:02:41,valid,elo,380,0.9395400277924346,0.5547824185962261,0.5736842105263158,0.8995495263878559,0.039990501404578715,20.0,60.0,42
2026-10-04T20:02:41,valid,dixon_coles,380,0.9644409513944131,0.573578750962193,0.5394736842105263,0.8995495263878559,0.0648914250065572,20.0,60.0,42
2026-10-04T20:02:41,valid,bookmaker_market,380,0.8995495263878559,,,,,20.0,60.0,42
